{
    "metrics": {
        "loss": 6.399953162040998,
        "accuracy": 0.10075394106573075,
        "micro_f1": 0.13990097752951633
    }
}